월,채널,카테고리,매출액(만원),주문수,반품수,광고비(만원)
2026-01,자사몰,주방용품,3200,1280,38,410
2026-01,자사몰,수납용품,2100,980,22,300
2026-01,오픈마켓,주방용품,4100,2050,95,620
2026-01,오픈마켓,수납용품,2650,1310,54,380
2026-02,자사몰,주방용품,2950,1150,35,390
2026-02,자사몰,수납용품,2300,1050,25,310
2026-02,오픈마켓,주방용품,3880,1900,88,600
2026-02,오픈마켓,수납용품,2720,1350,49,385
2026-03,자사몰,주방용품,3600,1420,41,450
2026-03,자사몰,수납용품,2850,1290,30,340
2026-03,오픈마켓,주방용품,4350,2160,101,640
2026-03,오픈마켓,수납용품,3100,1520,58,420
2026-04,자사몰,주방용품,3450,1360,39,430
2026-04,자사몰,수납용품,3050,1380,33,360
2026-04,오픈마켓,주방용품,4120,2040,92,610
2026-04,오픈마켓,수납용품,3300,1610,61,440
2026-05,자사몰,주방용품,3900,1540,44,470
2026-05,자사몰,수납용품,3400,1530,36,390
2026-05,오픈마켓,주방용품,4600,2270,108,660
2026-05,오픈마켓,수납용품,3550,1730,66,460
2026-06,자사몰,주방용품,4150,1640,47,490
2026-06,자사몰,수납용품,3750,1690,40,410
2026-06,오픈마켓,주방용품,4820,2380,112,680
2026-06,오픈마켓,수납용품,3800,1850,70,480
