month,week_in_month,batch_id,product,sold_units,return_cases,close_status
2026-06,1,HB-2606-W1-A,A_plain,295,3,closed
2026-06,2,HB-2606-W2-A,A_plain,310,2,closed
2026-06,3,HB-2606-W3-A,A_plain,285,4,closed
2026-06,4,HB-2606-W4-A,A_plain,310,3,closed
2026-06,1,HB-2606-W1-B,B_string,195,2,closed
2026-06,2,HB-2606-W2-B,B_string,210,2,closed
2026-06,3,HB-2606-W3-B,B_string,185,1,closed
2026-06,4,HB-2606-W4-B,B_string,210,3,closed
2026-06,1,HB-2606-W1-C,C_yogurt,120,2,closed
2026-06,2,HB-2606-W2-C,C_yogurt,130,3,closed
2026-06,3,HB-2606-W3-C,C_yogurt,125,2,closed
2026-06,4,HB-2606-W4-C,C_yogurt,125,3,closed
2026-07,1,HB-2607-W1-A,A_plain,325,3,closed
2026-07,2,HB-2607-W2-A,A_plain,340,2,closed
2026-07,3,HB-2607-W3-A,A_plain,330,3,closed
2026-07,4,HB-2607-W4-A,A_plain,325,3,closed
2026-07,1,HB-2607-W1-B,B_string,190,3,closed
2026-07,2,HB-2607-W2-B,B_string,185,2,closed
2026-07,3,HB-2607-W3-B,B_string,195,4,closed
2026-07,4,HB-2607-W4-B,B_string,190,3,closed
2026-07,1,HB-2607-W1-C,C_yogurt,135,3,closed
2026-07,2,HB-2607-W2-C,C_yogurt,140,2,closed
2026-07,3,HB-2607-W3-C,C_yogurt,130,3,closed
2026-07,4,HB-2607-W4-C,C_yogurt,145,3,closed
